step,date,activity,source_ids,outcome,status
01,2026-09-24,Read the supplied Week 1 README and syllabus Week 2 row,Course materials,"Confirmed continuation, data collection and source mapping requirements",completed
02,2026-09-24,Open the pinned MITRE ATLAS data release and read four case records,S01,Retained literal case types and date granularity; selected one scope-consistent new case,completed
03,2026-09-24,Read selected official case-technique employs relationships,S01,Recorded 14 explicit mappings; did not invent additional case mappings,completed
04,2026-09-24,Follow ATLAS references to originating technical reports,S02;S03;S04;S07,Collected primary-source details; separated disclosures from demonstrations,completed
05,2026-09-24,Read the versioned paper and inspect its PDF figures,S05;S06,Recorded published metrics and located original figure assets,completed
06,2026-09-24,Transcribe public observable values with source locators,S02;S03,Collected 12 historical observations; no downloads of suspect artifacts,completed
07,2026-09-24,Open original figure image URLs and visually inspect them,S05;S07,"Selected five original figures, including three screenshots and a two-panel chart",completed
08,2026-09-24,Try to retain remote files in the working environment,S01;S05,Outbound binary downloads unavailable; used verified original image URLs in Markdown instead,limited
09,2026-09-24,Structure the collected records and author the source map,Local data,"Produced CSV/JSON tables, evidence notes and collection documentation",completed
